provID,csq,ndof,x,y,z,xdot,ydot,zdot,epochMJD_TDB,niter,method,flag,FORMAT,cov_0_0,cov_0_1,cov_0_2,cov_0_3,cov_0_4,cov_0_5,cov_1_0,cov_1_1,cov_1_2,cov_1_3,cov_1_4,cov_1_5,cov_2_0,cov_2_1,cov_2_2,cov_2_3,cov_2_4,cov_2_5,cov_3_0,cov_3_1,cov_3_2,cov_3_3,cov_3_4,cov_3_5,cov_4_0,cov_4_1,cov_4_2,cov_4_3,cov_4_4,cov_4_5,cov_5_0,cov_5_1,cov_5_2,cov_5_3,cov_5_4,cov_5_5
2014 WV508,0.5347550329666793,374,-16.714180382382363,-2.559241167827882,2.3730340707017006,-0.0012695537705083235,-0.004121711034663262,-0.0032500217219239235,60797.97041518567,0,orbit_fit,0,BCART_EQ,0.06614714121642588,0.00799365323805706,-0.010960407178169665,0.0005433289706820947,2.7950538113002947e-05,-9.027835779409499e-05,0.00799365323805709,0.0009660053898146651,-0.0013245273004332857,6.565773686140905e-05,3.3775211612062083e-06,-1.0909547449968846e-05,-0.010960407178169667,-0.001324527300433281,0.001816110660036035,-9.00281388671601e-05,-4.631325553872611e-06,1.4958885233738444e-05,0.0005433289706510107,6.565773685765241e-05,-9.002813886200956e-05,6.395786574780358e-06,4.7029014019020484e-07,-1.061731642459827e-06,2.795053810913267e-05,3.377521160738486e-06,-4.631325553231317e-06,4.702901401715493e-07,4.1789965503711354e-08,-7.802064112919436e-08,-9.027835778894371e-05,-1.090954744934629e-05,1.4958885232884893e-05,-1.0617316424599384e-06,-7.802064113229985e-08,1.7625728478201765e-07
